{
	"South": {
		"coords": [42.352271, -71.05524200000001]
	},
	"Andrew": {
		"coords": [42.330154, -71.057655]
	},
	"Porter Square": {
		"coords": [42.3884, -71.11914899999999]
	},
	"Harvard Square": {
		"coords": [42.373362, -71.118956]
	},
	"JFK/UMass": {
		"coords": [42.320685, -71.052391]
	},
	"Savin Hill": {
		"coords": [42.31129, -71.053331]
	},
	"Park Street": {
		"coords": [42.35639457, -71.0624242]
	},
	"Broadway": {
		"coords": [42.342622, -71.056967]
	},
	"North Quincy": {
		"coords": [42.275275, -71.029583]
	},
	"Shawmut": {
		"coords": [42.29312583, -71.06573796000001]
	},
	"Davis": {
		"coords": [42.39674, -71.121815]
	},
	"Alewife": {
		"coords": [42.395428, -71.142483]
	},
	"Kendall/MIT": {
		"coords": [42.36249079, -71.08617653]
	},
	"Charles/MGH": {
		"coords": [42.361166, -71.070628]
	},
	"Downtown Crossing": {
		"coords": [42.355518, -71.060225]
	},
	"Quincy Center": {
		"coords": [42.251809, -71.005409]
	},
	"Quincy Adams": {
		"coords": [42.233391, -71.007153]
	},
	"Ashmont": {
		"coords": [42.284652, -71.06448899999999]
	},
	"Wollaston": {
		"coords": [42.2665139, -71.0203369]
	},
	"Fields Corner": {
		"coords": [42.300093, -71.061667]
	},
	"Central Square": {
		"coords": [42.365486, -71.103802]
	},
	"Braintree": {
		"coords": [42.2078543, -71.0011385]
	}
}